{"homography": [[3.471002485501221, 14.870132560066192, -919.4832228666048], [-1.8768949919869346e-15, 7.440969345484631, -9.593413421705938], [-1.0538887728904466e-17, 0.030240265120132382, 1.0]], "horizont": 172, "src_points": [[328.5, 173.5], [-3.5, 320.5], [431.5, 173.5], [537.5, 320.5]], "dst_points": [[232.5, 173.5], [232.5, 371.5], [574.5, 173.5], [574.5, 371.5]], "height": 377, "width": 800}