{
  "data": [
    {
      "pos": [
        800,
        0
      ],
      "angle": 0,
      "homography": {
        "homography": [
          [
            1.0000000000000002,
            0.0,
            -9.845568954283848e-14
          ],
          [
            0.0,
            1.0000000000000004,
            -7.384176715712886e-14
          ],
          [
            0.0,
            0.0,
            1.0
          ]
        ],
        "horizont": 20,
        "src_points": [
          [
            207.5,
            20.5
          ],
          [
            207.5,
            288.5
          ],
          [
            607.5,
            20.5
          ],
          [
            607.5,
            288.5
          ]
        ],
        "dst_points": [
          [
            207.5,
            20.5
          ],
          [
            207.5,
            288.5
          ],
          [
            607.5,
            20.5
          ],
          [
            607.5,
            288.5
          ]
        ],
        "height": 375,
        "width": 800
      }
    },
    {
      "pos": [
        0,
        800
      ],
      "angle": 90,
      "homography": {
        "homography": [
          [
            1.0000000000000002,
            0.0,
            -9.845568954283848e-14
          ],
          [
            0.0,
            1.0000000000000004,
            -7.384176715712886e-14
          ],
          [
            0.0,
            0.0,
            1.0
          ]
        ],
        "horizont": 20,
        "src_points": [
          [
            207.5,
            20.5
          ],
          [
            207.5,
            288.5
          ],
          [
            607.5,
            20.5
          ],
          [
            607.5,
            288.5
          ]
        ],
        "dst_points": [
          [
            207.5,
            20.5
          ],
          [
            207.5,
            288.5
          ],
          [
            607.5,
            20.5
          ],
          [
            607.5,
            288.5
          ]
        ],
        "height": 375,
        "width": 800
      }
    },
    {
      "pos": [
        0,
        1600
      ],
      "angle": 90,
      "homography": {
        "homography": [
          [
            1.0000000000000002,
            0.0,
            -9.845568954283848e-14
          ],
          [
            0.0,
            1.0000000000000004,
            -7.384176715712886e-14
          ],
          [
            0.0,
            0.0,
            1.0
          ]
        ],
        "horizont": 20,
        "src_points": [
          [
            207.5,
            20.5
          ],
          [
            207.5,
            288.5
          ],
          [
            607.5,
            20.5
          ],
          [
            607.5,
            288.5
          ]
        ],
        "dst_points": [
          [
            207.5,
            20.5
          ],
          [
            207.5,
            288.5
          ],
          [
            607.5,
            20.5
          ],
          [
            607.5,
            288.5
          ]
        ],
        "height": 375,
        "width": 800
      }
    },
    {
      "pos": [
        800,
        2400
      ],
      "angle": 180,
      "homography": {
        "homography": [
          [
            1.0000000000000002,
            0.0,
            -9.845568954283848e-14
          ],
          [
            0.0,
            1.0000000000000007,
            -7.384176715712886e-14
          ],
          [
            0.0,
            0.0,
            1.0
          ]
        ],
        "horizont": 20,
        "src_points": [
          [
            207.5,
            20.5
          ],
          [
            207.5,
            289.5
          ],
          [
            607.5,
            20.5
          ],
          [
            607.5,
            289.5
          ]
        ],
        "dst_points": [
          [
            207.5,
            20.5
          ],
          [
            207.5,
            289.5
          ],
          [
            607.5,
            20.5
          ],
          [
            607.5,
            289.5
          ]
        ],
        "height": 377,
        "width": 800
      }
    },
    {
      "pos": [
        1600,
        1600
      ],
      "angle": 270,
      "homography": {
        "homography": [
          [
            1.0000000000000002,
            0.0,
            -9.845568954283848e-14
          ],
          [
            0.0,
            1.0000000000000004,
            -7.384176715712886e-14
          ],
          [
            0.0,
            0.0,
            1.0
          ]
        ],
        "horizont": 20,
        "src_points": [
          [
            207.5,
            20.5
          ],
          [
            207.5,
            288.5
          ],
          [
            607.5,
            20.5
          ],
          [
            607.5,
            288.5
          ]
        ],
        "dst_points": [
          [
            207.5,
            20.5
          ],
          [
            207.5,
            288.5
          ],
          [
            607.5,
            20.5
          ],
          [
            607.5,
            288.5
          ]
        ],
        "height": 375,
        "width": 800
      }
    },
    {
      "pos": [
        1600,
        800
      ],
      "angle": 270,
      "homography": {
        "homography": [
          [
            1.0000000000000002,
            0.0,
            -9.845568954283848e-14
          ],
          [
            0.0,
            1.0000000000000004,
            -7.384176715712886e-14
          ],
          [
            0.0,
            0.0,
            1.0
          ]
        ],
        "horizont": 20,
        "src_points": [
          [
            207.5,
            20.5
          ],
          [
            207.5,
            288.5
          ],
          [
            607.5,
            20.5
          ],
          [
            607.5,
            288.5
          ]
        ],
        "dst_points": [
          [
            207.5,
            20.5
          ],
          [
            207.5,
            288.5
          ],
          [
            607.5,
            20.5
          ],
          [
            607.5,
            288.5
          ]
        ],
        "height": 375,
        "width": 800
      }
    }
  ]
}