{
  "data": [
    {
      "pos": [
        800,
        0
      ],
      "angle": 42,
      "homography": {
        "homography": [
          [
            1.0000000000000002,
            0.0,
            -9.845568954283848e-14
          ],
          [
            0.0,
            1.0000000000000007,
            -7.384176715712886e-14
          ],
          [
            0.0,
            0.0,
            1.0
          ]
        ],
        "horizont": 20,
        "src_points": [
          [
            207.5,
            20.5
          ],
          [
            207.5,
            289.5
          ],
          [
            607.5,
            20.5
          ],
          [
            607.5,
            289.5
          ]
        ],
        "dst_points": [
          [
            207.5,
            20.5
          ],
          [
            207.5,
            289.5
          ],
          [
            607.5,
            20.5
          ],
          [
            607.5,
            289.5
          ]
        ],
        "height": 377,
        "width": 800
      }
    },
    {
      "pos": [
        0,
        800
      ],
      "angle": 0,
      "homography": {
        "homography": [
          [
            4.489150817037195,
            19.525314760246278,
            -1359.6035360299886
          ],
          [
            -2.529671081161673e-15,
            9.916956871149127,
            -77.08465041521377
          ],
          [
            -1.363025715380408e-17,
            0.03911063487811378,
            1.0
          ]
        ],
        "horizont": 172,
        "src_points": [
          [
            336.0,
            181.0
          ],
          [
            4.0,
            328.0
          ],
          [
            439.0,
            181.0
          ],
          [
            545.0,
            328.0
          ]
        ],
        "dst_points": [
          [
            240.0,
            181.0
          ],
          [
            240.0,
            379.0
          ],
          [
            582.0,
            181.0
          ],
          [
            582.0,
            379.0
          ]
        ],
        "height": 377,
        "width": 800
      }
    },
    {
      "pos": [
        0,
        1600
      ],
      "angle": 0,
      "homography": {
        "homography": [
          [
            1.0000000000000002,
            0.0,
            -9.845568954283848e-14
          ],
          [
            0.0,
            1.0000000000000004,
            -7.384176715712886e-14
          ],
          [
            0.0,
            0.0,
            1.0
          ]
        ],
        "horizont": 20,
        "src_points": [
          [
            207.5,
            20.5
          ],
          [
            207.5,
            288.5
          ],
          [
            607.5,
            20.5
          ],
          [
            607.5,
            288.5
          ]
        ],
        "dst_points": [
          [
            207.5,
            20.5
          ],
          [
            207.5,
            288.5
          ],
          [
            607.5,
            20.5
          ],
          [
            607.5,
            288.5
          ]
        ],
        "height": 375,
        "width": 800
      }
    },
    {
      "pos": [
        800,
        2400
      ],
      "angle": 0,
      "homography": {
        "homography": [
          [
            1.0000000000000002,
            0.0,
            -9.845568954283848e-14
          ],
          [
            0.0,
            1.0000000000000004,
            -7.384176715712886e-14
          ],
          [
            0.0,
            0.0,
            1.0
          ]
        ],
        "horizont": 20,
        "src_points": [
          [
            207.5,
            20.5
          ],
          [
            207.5,
            288.5
          ],
          [
            607.5,
            20.5
          ],
          [
            607.5,
            288.5
          ]
        ],
        "dst_points": [
          [
            207.5,
            20.5
          ],
          [
            207.5,
            288.5
          ],
          [
            607.5,
            20.5
          ],
          [
            607.5,
            288.5
          ]
        ],
        "height": 375,
        "width": 800
      }
    },
    {
      "pos": [
        1600,
        1600
      ],
      "angle": 0,
      "homography": {
        "homography": [
          [
            1.0000000000000002,
            0.0,
            -9.845568954283848e-14
          ],
          [
            0.0,
            1.0000000000000004,
            -7.384176715712886e-14
          ],
          [
            0.0,
            0.0,
            1.0
          ]
        ],
        "horizont": 20,
        "src_points": [
          [
            207.5,
            20.5
          ],
          [
            207.5,
            288.5
          ],
          [
            607.5,
            20.5
          ],
          [
            607.5,
            288.5
          ]
        ],
        "dst_points": [
          [
            207.5,
            20.5
          ],
          [
            207.5,
            288.5
          ],
          [
            607.5,
            20.5
          ],
          [
            607.5,
            288.5
          ]
        ],
        "height": 375,
        "width": 800
      }
    },
    {
      "pos": [
        1600,
        800
      ],
      "angle": 0,
      "homography": {
        "homography": [
          [
            1.0000000000000002,
            0.0,
            -9.845568954283848e-14
          ],
          [
            0.0,
            1.0000000000000004,
            -7.384176715712886e-14
          ],
          [
            0.0,
            0.0,
            1.0
          ]
        ],
        "horizont": 20,
        "src_points": [
          [
            207.5,
            20.5
          ],
          [
            207.5,
            288.5
          ],
          [
            607.5,
            20.5
          ],
          [
            607.5,
            288.5
          ]
        ],
        "dst_points": [
          [
            207.5,
            20.5
          ],
          [
            207.5,
            288.5
          ],
          [
            607.5,
            20.5
          ],
          [
            607.5,
            288.5
          ]
        ],
        "height": 375,
        "width": 800
      }
    }
  ]
}